番号,タイトル,詳細,URL
1,【都度】見積依頼が必要な時,"購買1. 見積1. 見積依頼【都度】見積依頼が必要な時1.発注部門担当者がAribaシステムに購入申請データを登録
2.購入申請データに基づき自動生成された見積依頼データをサプライヤーに送付
決裁書、発注計画に基づき、購入予定の商品・サービスの見積依頼をAribaシステムで行い、自動生成された見積依頼書がサプライヤーに送付される。・Ariba
・SAP Business Network【見積依頼】ルールと操作手順Ariba操作マニュアル_1. 購入申請(見積依頼)_v2.6.pdf",https://toyotajp.sharepoint.com/:b:/r/sites/msspo_ITassetmgt_portal/Shared Documents/%E3%83%9E%E3%83%8B%E3%83%A5%E3%82%A2%E3%83%AB/%E3%83%9E%E3%83%8B%E3%83%A5%E3%82%A2%E3%83%AB%E4%B8%80%E8%A6%A7/Ariba%E6%93%8D%E4%BD%9C%E3%83%9E%E3%83%8B%E3%83%A5%E3%82%A2%E3%83%AB_1. %E8%B3%BC%E5%85%A5%E7%94%B3%E8%AB%8B(%E8%A6%8B%E7%A9%8D%E4%BE%9D%E9%A0%BC)_v2.6.pdf?csf=1&web=1&e=sh5LuT
2,【都度】見積依頼受領後,"購買1. 見積2. 見積回答【都度】見積依頼受領後1.仕入先は受領した見積依頼データに基づき、必要事項を記載した見積回答データを作成・提出
2.見積回答データを発注部門担当者に送付SAP Business Network",
3,【都度】見積回答受領後,"購買1. 見積3. 見積承諾【都度】見積回答受領後1.発注部門担当者が受領した見積回答データが妥当性のある内容であることを確認
2.購買する仕入先と物品サービスを選定
3.選定結果を仕入先に通知Ariba【発注・「オーダー確認」結果の確認】ルールと操作手順Ariba操作マニュアル_2. 購入申請(見積回答確認・見積選定・発注) _v2.6.pdf",
4,【都度】見積承諾後,購買2. 新規発注1. 発注申請【都度】見積承諾後1.発注部門担当者が購入申請データと受領・選定した見積回答データに基づき、予算、購買の必要性等を確認した上で発注申請データを作成Ariba,
5,【都度】発注申請後,"購買2. 新規発注2. 発注申請承認【都度】発注申請後1.発注部門責任者が発注申請データの内容を精査
2.予算、購買の必要性等を確認した上で承認を実施AribaAriba操作マニュアル_9.承認者（依頼部署）向け操作_購入申請承認編.pdf",https://toyotajp.sharepoint.com/:b:/r/sites/msspo_ITassetmgt_portal/Shared Documents/08_Ariba/%E5%8F%B7%E5%8F%A3%E3%83%9B%E3%83%BC%E3%83%A0%E3%83%9A%E3%83%BC%E3%82%B8/03_Ariba%E3%82%92%E5%88%A9%E7%94%A8%E3%81%97%E3%81%9F%E3%81%84%EF%BC%9A%E6%93%8D%E4%BD%9C%E6%96%B9%E6%B3%95/%E6%93%8D%E4%BD%9C%E3%83%9E%E3%83%8B%E3%83%A5%E3%82%A2%E3%83%AB/Ariba%E6%93%8D%E4%BD%9C%E3%83%9E%E3%83%8B%E3%83%A5%E3%82%A2%E3%83%AB_9.%E6%89%BF%E8%AA%8D%E8%80%85%EF%BC%88%E4%BE%9D%E9%A0%BC%E9%83%A8%E7%BD%B2%EF%BC%89%E5%90%91%E3%81%91%E6%93%8D%E4%BD%9C_%E8%B3%BC%E5%85%A5%E7%94%B3%E8%AB%8B%E6%89%BF%E8%AA%8D%E7%B7%A8.pdf?csf=1&web=1&e=OLezb5
6,【都度】発注申請承認後,"購買2. 新規発注3. 発注承認【都度】発注申請承認後1.調達部門責任者が発注申請データ（承認済み）を確認
2.調達先の妥当性や価格等を確認した上で承認を実施AribaAriba操作マニュアル_9.承認者（調達部署）向け操作.pdf",https://toyotajp.sharepoint.com/:b:/r/sites/msspo_ITassetmgt_portal/Shared Documents/08_Ariba/%E5%8F%B7%E5%8F%A3%E3%83%9B%E3%83%BC%E3%83%A0%E3%83%9A%E3%83%BC%E3%82%B8/03_Ariba%E3%82%92%E5%88%A9%E7%94%A8%E3%81%97%E3%81%9F%E3%81%84%EF%BC%9A%E6%93%8D%E4%BD%9C%E6%96%B9%E6%B3%95/%E6%93%8D%E4%BD%9C%E3%83%9E%E3%83%8B%E3%83%A5%E3%82%A2%E3%83%AB/Ariba%E6%93%8D%E4%BD%9C%E3%83%9E%E3%83%8B%E3%83%A5%E3%82%A2%E3%83%AB_9.%E6%89%BF%E8%AA%8D%E8%80%85%EF%BC%88%E8%AA%BF%E9%81%94%E9%83%A8%E7%BD%B2%EF%BC%89%E5%90%91%E3%81%91%E6%93%8D%E4%BD%9C.pdf?csf=1&web=1&e=s9A2D1
7,【都度】発注承認後,"購買2. 新規発注4. 発注書 作成・通知【都度】発注承認後1.調達部門担当者は発注データを作成
2.仕入先に送信Ariba",
8,【都度】発注書 作成・通知後,"購買2. 新規発注5. 発注書受領【都度】発注書 作成・通知後1.仕入先は発注データを受領
2.発注データ内容を確認SAP Business Network",
9,【都度】発注書受領後,"購買2. 新規発注6. 受注承諾【都度】発注書受領後1.仕入先は発注内容通りに受注可能かを確認
2.受注可能であれば、その旨をオーダー確認して、発注者に受注確定したことを通知SAP Business Network",
10,【都度】受注承諾後,"購買2. 新規発注7. 発注確定【都度】受注承諾後1.発注部門担当者は仕入先から送付されるオーダー確認データを受理
2.取引成立したことを確認Ariba【発注・「オーダー確認」結果の確認】ルールと操作手順Ariba操作マニュアル_3. 「オーダー確認」結果の確認_v2.pdf",https://toyotajp.sharepoint.com/:b:/r/sites/msspo_ITassetmgt_portal/Shared Documents/%E3%83%9E%E3%83%8B%E3%83%A5%E3%82%A2%E3%83%AB/%E3%83%9E%E3%83%8B%E3%83%A5%E3%82%A2%E3%83%AB%E4%B8%80%E8%A6%A7/Ariba%E6%93%8D%E4%BD%9C%E3%83%9E%E3%83%8B%E3%83%A5%E3%82%A2%E3%83%AB_3. %E3%80%8C%E3%82%AA%E3%83%BC%E3%83%80%E3%83%BC%E7%A2%BA%E8%AA%8D%E3%80%8D%E7%B5%90%E6%9E%9C%E3%81%AE%E7%A2%BA%E8%AA%8D_v2.pdf?csf=1&web=1&e=Zfa14o
11,【都度】変更が発生した時点,"購買3. 発注変更1. 発注変更 調整・合意【都度】変更が発生した時点1.発注部門担当者は発注変更が必要な場合に仕入先を連絡を取り、価格や納期、仕様変更などの調整を行い双方の合意
2.その合意された変更内容に基づき、購買申請データの変更ー伝票の修正・キャンセル（注文変更）の概要及び操作説明",
12,【都度】変更が発生した時点,"購買3. 発注変更2. 発注変更 調整・合意【都度】変更が発生した時点1.仕入先は受注変更が必要な場合に購買担当者を連絡を取り、価格や納期、仕様変更などの調整を行い、双方の合意を得る。
2.その合意された変更内容に基づき、発注部門担当者に発注申請データの変更を依頼ー",
13,【都度】発注変更調整・合意後,購買3. 発注変更3. 発注変更申請【都度】発注変更調整・合意後1.発注部門担当者が購入申請データと受領・選定した見積回答データに基づき、予算、購買の必要性等を確認した上で発注申請データを作成Ariba伝票の修正・キャンセル（注文変更）の概要及び操作説明,
14,【都度】発注変更申請後,"購買3. 発注変更4. 発注変更申請承認【都度】発注変更申請後1.発注部門責任者が発注申請データの内容を精査
2.予算、購買の必要性等を確認した上で承認を実施Ariba",
15,【都度】発注変更申請承認後,"購買3. 発注変更5. 発注変更承認【都度】発注変更申請承認後1.調達部門責任者が発注申請データ（承認済）を確認
2.調達先の価格を確認した上で承認を実施Ariba",
16,【都度】発注変更承認後,"購買3. 発注変更6. 発注書 変更・通知【都度】発注変更承認後1.調達部門担当者は変更済の発注データを作成
2.仕入先に送信Ariba",
17,【都度】発注書 変更・通知後,"購買3. 発注変更7. 発注書受領【都度】発注書 変更・通知後1.仕入先は発注データを受領
2.発注データ内容を確認SAP Business Network",
18,【都度】発注書受領後,"購買3. 発注変更8. 受注承諾【都度】発注書受領後1.仕入先は発注内容通りに受注可能かを確認
2.受注可能であれば、その旨をオーダー確認して、発注部門担当者に受注確定したことを通知SAP Business Network",
19,【都度】受注承諾後,"購買3. 発注変更9. 発注確定【都度】受注承諾後1.発注部門担当者は仕入先から送付されるオーダー確認データを受理
2.取引成立したことを確認Ariba【発注・「オーダー確認」結果の確認】ルールと操作手順Ariba操作マニュアル_3. 「オーダー確認」結果の確認_v2.pdf",https://toyotajp.sharepoint.com/:b:/r/sites/msspo_ITassetmgt_portal/Shared Documents/%E3%83%9E%E3%83%8B%E3%83%A5%E3%82%A2%E3%83%AB/%E3%83%9E%E3%83%8B%E3%83%A5%E3%82%A2%E3%83%AB%E4%B8%80%E8%A6%A7/Ariba%E6%93%8D%E4%BD%9C%E3%83%9E%E3%83%8B%E3%83%A5%E3%82%A2%E3%83%AB_3. %E3%80%8C%E3%82%AA%E3%83%BC%E3%83%80%E3%83%BC%E7%A2%BA%E8%AA%8D%E3%80%8D%E7%B5%90%E6%9E%9C%E3%81%AE%E7%A2%BA%E8%AA%8D_v2.pdf?csf=1&web=1&e=Zfa14o
20,【都度】納入予定日のタイミング,"購買4. 受入・検査 ・検収1. 納品【都度】納入予定日のタイミング1.仕入先は発注時に合意した納品物を用意
2.発注先へ納品ー",
21,【都度】納品タイミング,購買4. 受入・検査 ・検収2. 納品物受入【都度】納品タイミング1,受入部門担当者は仕入先から納品された物品・サービスを受入ー【受入・検査・検収】ルールと操作手順,
22,【都度】納品物受入後,"購買4. 受入・検査 ・検収3. 納品物照合【都度】納品物受入後1.受入部門担当者は納品物受入の際に「納品物」と「検収確認願書・業務完了報告書等」と「Ariba発注データ」との三点照合を実施
2.発注した物品・サービスの内容・数量等が間違いなく納品されたことを確認。また、その際に「発注時に指定した納品物一覧に記載した納品物全て」が揃っているかも確認AribaAriba操作マニュアル_4. 受入検査検収_v4.0.pdf",https://toyotajp.sharepoint.com/:b:/r/sites/msspo_ITassetmgt_portal/Shared Documents/%E3%83%9E%E3%83%8B%E3%83%A5%E3%82%A2%E3%83%AB/%E3%83%9E%E3%83%8B%E3%83%A5%E3%82%A2%E3%83%AB%E4%B8%80%E8%A6%A7/Ariba%E6%93%8D%E4%BD%9C%E3%83%9E%E3%83%8B%E3%83%A5%E3%82%A2%E3%83%AB_4. %E5%8F%97%E5%85%A5%E6%A4%9C%E6%9F%BB%E6%A4%9C%E5%8F%8E_v4.0.pdf?csf=1&web=1&e=ahCSn5
23,【都度】納品物照合後,"購買4. 受入・検査 ・検収4. 納品物検査【都度】納品物照合後1.検査部門担当者は納品物を定められた検査方法で検査を実施
2.発注仕様や品質基準に満たしていることを確認
3.検査結果を検査エビデンスとして登録Ariba",
24,【都度】納品物検査完了後,購買4. 受入・検査 ・検収5. 納品物保管【都度】納品物検査完了後1.検査部門担当者は、検査済の納品物と検査エビデンスを適切な保管場所に保管Ariba,
25,【都度】納品物検査完了後,購買4. 受入・検査 ・検収6. 納品物検収【都度】納品物検査完了後1.検収部門担当者は最終的に納品物と検査結果を精査して、問題が無いことを確認N/A,
26,【都度】納品物検収後,購買4. 受入・検査 ・検収7. 納品物検収承認【都度】納品物検収後1.検収部門責任者は検収内容に問題が無いことを最終確認して承認AribaAriba操作マニュアル_9.承認者（依頼部署）向け操作_検収編.pdf,https://toyotajp.sharepoint.com/sites/msspo_ITassetmgt_portal/Shared Documents/Forms/AllItems.aspx?viewid=97b711f5%2D616d%2D473d%2D9933%2Dc982c0894986&FolderCTID=0x0120003F8C4421CB506540AF24C13670266C7F&id=%2Fsites%2Fmsspo%5FITassetmgt%5Fportal%2FShared%20Documents%2F08%5FAriba%2F%E5%8F%B7%E5%8F%A3%E3%83%9B%E3%83%BC%E3%83%A0%E3%83%9A%E3%83%BC%E3%82%B8%2F03%5FAriba%E3%82%92%E5%88%A9%E7%94%A8%E3%81%97%E3%81%9F%E3%81%84%EF%BC%9A%E6%93%8D%E4%BD%9C%E6%96%B9%E6%B3%95%2F%E6%93%8D%E4%BD%9C%E3%83%9E%E3%83%8B%E3%83%A5%E3%82%A2%E3%83%AB%2FAriba%E6%93%8D%E4%BD%9C%E3%83%9E%E3%83%8B%E3%83%A5%E3%82%A2%E3%83%AB%5F9%2E%E6%89%BF%E8%AA%8D%E8%80%85%EF%BC%88%E4%BE%9D%E9%A0%BC%E9%83%A8%E7%BD%B2%EF%BC%89%E5%90%91%E3%81%91%E6%93%8D%E4%BD%9C%5F%E6%A4%9C%E5%8F%8E%E7%B7%A8%2Epdf&parent=%2Fsites%2Fmsspo%5FITassetmgt%5Fportal%2FShared%20Documents%2F08%5FAriba%2F%E5%8F%B7%E5%8F%A3%E3%83%9B%E3%83%BC%E3%83%A0%E3%83%9A%E3%83%BC%E3%82%B8%2F03%5FAriba%E3%82%92%E5%88%A9%E7%94%A8%E3%81%97%E3%81%9F%E3%81%84%EF%BC%9A%E6%93%8D%E4%BD%9C%E6%96%B9%E6%B3%95%2F%E6%93%8D%E4%BD%9C%E3%83%9E%E3%83%8B%E3%83%A5%E3%82%A2%E3%83%AB
27,【都度】納品物検収承認後,"購買4. 受入・検査 ・検収8. 検収書 作成・通知【都度】納品物検収承認後【システム自動処理】1.検収データを生成
2.検収データを仕入先に送付Ariba",
28,【都度】検収書作成・通知後,"購買4. 受入・検査 ・検収9. 検収書受領【都度】検収書作成・通知後1.仕入先は送付された検収データを受領
2.検収されたことを確認SAP Business Network",
29,【都度】検収書作成・通知後,購買4. 受入・検査 ・検収10. 仕入計上【都度】検収書作成・通知後【システム自動処理】1.検収承認された後に仕入計上(仕入伝票自動生成)SAP S4/MM,
30,【都度】検収書作成・通知後,購買5. 請求・ 支払依頼（ERS取引）1. 被請求書登録【都度】検収書作成・通知後【システム自動処理】1.発注データ ・検収データに基づき被請求データを生成Ariba,
31,【都度】被請求書登録後,購買5. 請求・ 支払依頼（ERS取引）2. 請求三点照合【都度】被請求書登録後【システム自動処理】1.システムにて請求データ、発注データ、検収データを三点照合し、相違がないことを確認Ariba,
32,【都度】請求三点照合後,"購買5. 請求・ 支払依頼（ERS取引）3. 請求請書 作成・通知【都度】請求三点照合後【システム自動処理】1.請求請データを生成
2.請求請データを仕入先に送付Ariba",
33,【都度】請求請書 作成・通知後,"購買5. 請求・ 支払依頼（ERS取引）4. 請求請書受領【都度】請求請書 作成・通知後1.仕入先は送付された請求請データを受領
2.請求処理及び支払依頼が行われたことを確認SAP Business Network",
34,【都度】請求請書受領後,購買5. 請求・ 支払依頼（ERS取引）5. 支払依頼 作成・通知【都度】請求請書受領後【システム自動処理】1.被請求データに基づき支払依頼データを生成Ariba,
35,【都度】支払依頼 作成・通知後,"購買5. 請求・ 支払依頼（ERS取引）6. 支払依頼受領【都度】支払依頼 作成・通知後【システム自動処理】1.会計システムに支払依頼データを送付
2.会計システム側で請求金額・支払依頼金額の一致チェックSAP S4/FI（財務）",
36,【都度】検収書受領後,"購買5. 請求・ 支払依頼（ERS取引）7. 請求書 作成・通知【都度】検収書受領後1.仕入先は発注データ・検収データに基づいて請求データを作成
2.支払条件を明記して支払部門担当者に送付SAP Business Network",
37,【都度】請求書 作成・通知後,購買5. 請求・ 支払依頼（ERS取引）8. 請求書登録【都度】請求書 作成・通知後【システム自動処理】1.仕入先から提出された請求データに基づき請求データを生成Ariba,
38,【都度】請求書登録後,購買5. 請求・ 支払依頼（ERS取引）9. 請求三点照合【都度】請求書登録後【システム自動処理】1.システムにて請求データ、発注データ、検収データを三点照合し、相違がないことを確認Ariba,
39,【都度】請求三点照合後,"購買5. 請求・ 支払依頼（ERS取引）10. 請求請書 作成・通知【都度】請求三点照合後【システム自動処理】1.請求請データを生成
2.請求データを仕入先に送付Ariba",
40,【都度】請求請書 作成・通知後,"購買5. 請求・ 支払依頼（ERS取引）11. 請求請書受領【都度】請求請書 作成・通知後1.仕入先は送付された請求請データを受領
2.請求処理及び支払依頼が行われたことを確認SAP Business Network",
41,【都度】請求請書受領後,購買5. 請求・ 支払依頼（ERS取引）12. 支払依頼 作成・通知【都度】請求請書受領後【システム自動処理】1.請求データに基づき支払依頼データを生成Ariba,
42,【都度】支払依頼 作成・通知後,"購買5. 請求・ 支払依頼（ERS取引）13. 支払依頼受領【都度】支払依頼 作成・通知後【システム自動処理】1.会計システムに支払依頼データを送付
2.会計システム側で請求金額・支払依頼金額の一致チェックSAP S4/FI（財務）",
43,1. 資産コード登録,自社開発ソフトの場合1. 資産コード登録【都度】(サービス管理)ASID発行後1.資産管理部門担当者がASID単位の無形の資産コードを採番、登録資産管理部門自社開発SW_アプリケーションサービスID別資産コード.xlsx間接購買Ariba - 資産コードについて教えて,https://toyota1.service-now.com/sp?id=kb_article_view&sys_kb_id=39aa820647016a545ffd93c4116d43b0&table=kb_knowledge&searchTerm=%E8%B3%87%E7%94%A3%E3%82%B3%E3%83%BC%E3%83%89
44,1. 資産コード登録依頼,市販ソフトおよび有形資産の場合1. 資産コード登録依頼【都度】資産コード登録依頼後1. 発注部門担当者が計画部署担当者に市販ソフトおよび有形資産の資産コード登録を依頼計画部門 発注部門？,
45,2. 資産コード登録,"2. 資産コード登録【都度】資産コード登録依頼後1.計画部門担当者が発注データを基に有形資産の取得情報をシステムに入力
2.システムが固有の資産コードを自動生成。計画部門04_業務手順マニュアル_資産管理（資産情報登録）(OSP_AA).pptx",
46,1. 資産情報登録依頼,"自社開発ソフトの場合1. 資産情報登録依頼【都度】発注データ作成後1.発注部門担当者が発注データ、登録済み有形資産コード、登録済み無形資産コードに基づき、資産情報登録依頼書を作成
2.作成した資産情報登録依頼書を計画部門に送付発注部門資産情報登録（無形）【原紙】資産化依頼書.xlsx",https://toyotajp.sharepoint.com/:x:/r/sites/msspo_ITassetmgt_portal/_layouts/15/Doc.aspx?sourcedoc=%7B56FBB320-F0E1-4772-9DC0-DF6D98757936%7D&file=%E3%80%90%E5%8E%9F%E7%B4%99%E3%80%91%E8%B3%87%E7%94%A3%E5%8C%96%E4%BE%9D%E9%A0%BC%E6%9B%B8.xlsx&action=default&mobileredirect=true&DefaultItemOpen=1
47,2. 資産情報登録,"2. 資産情報登録【都度】
・資産情報登録依頼受領後
・資産コード登録後1, 計画部門担当者が資産情報登録依頼を確認
2. 発注情報の内容を確認
3. システムに資産情報を入力計画部門04_業務手順マニュアル_資産管理（資産情報登録）(OSP_AA).pptx",https://toyotajp.sharepoint.com/:p:/r/sites/msspo_ITassetmgt_portal/_layouts/15/Doc.aspx?sourcedoc=%7B8CF612DC-5F29-4282-90A9-9B0E9E6FD862%7D&file=04_%25u696d%25u52d9%25u624b%25u9806%25u30de%25u30cb%25u30e5%25u30a2%25u30eb_%25u8cc7%25u7523%25u7ba1%25u7406%25uff08%25u8cc7%25u7523%25u60c5%25u5831%25u767b%25u9332%25uff09(OSP_AA).pptx&action=edit&mobileredirect=true
48,1. 資産情報登録,"市販ソフトおよび有形資産の場合1. 資産情報登録【都度】資産コード登録後1.計画部門担当者が発注情報の内容を確認
2.システムに資産情報を入力計画部門有形資産情報登録（有形）04_業務手順マニュアル_資産管理（資産情報登録）(OSP_AA).pptx",https://toyotajp.sharepoint.com/:p:/r/sites/msspo_ITassetmgt_portal/_layouts/15/Doc.aspx?sourcedoc=%7B8CF612DC-5F29-4282-90A9-9B0E9E6FD862%7D&file=04_%25u696d%25u52d9%25u624b%25u9806%25u30de%25u30cb%25u30e5%25u30a2%25u30eb_%25u8cc7%25u7523%25u7ba1%25u7406%25uff08%25u8cc7%25u7523%25u60c5%25u5831%25u767b%25u9332%25uff09(OSP_AA).pptx&action=edit&mobileredirect=true
49,2. 資産コードラベル発行対象抽出,2. 資産コードラベル発行対象抽出【毎週】月曜日1.資産管理部門担当者が毎週月曜日に資産コードラベル発行対象を抽出資産管理部門機番プレートの発行（再発行）手続き05_業務手順マニュアル_資産管理（機番ラベル発行対象の抽出）(OSP_AA).pptx,https://toyotajp.sharepoint.com/:p:/r/sites/msspo_ITassetmgt_portal/_layouts/15/Doc.aspx?sourcedoc=%7B07A4939E-7016-46BF-8641-E1C2FAB687DC%7D&file=06_%25u696d%25u52d9%25u624b%25u9806%25u30de%25u30cb%25u30e5%25u30a2%25u30eb_%25u8cc7%25u7523%25u7ba1%25u7406%25uff08%25u511f%25u5374%25u6307%25u793a%25uff09(OSP_AA).pptx&action=edit&mobileredirect=true
50,3. 資産コードラベル 発行・送付,"3. 資産コードラベル 発行・送付【都度】資産コードラベル抽出後1.資産管理部門担当者が資産コードラベル発行対象を確認
2.資産コードラベルを発行
3.資産コードラベルを依頼された計画部門に送付資産管理部門",
51,4. 資産コードラベル 受領,4. 資産コードラベル 受領【都度】資産コードラベル受領後1.計画部門担当者が送付された資産コードラベルを確認し受領計画部門,
52,5. 資産コードラベル 貼付,"5. 資産コードラベル 貼付【都度】(購買プロセス)検査完了後1.該当の有形資産の検査完了後、有形資産と資産コードラベルの一致をチェック
2.資産コードラベルを貼付計画部門",
53,1. 建設仮勘定計上,1. 建設仮勘定計上【都度】検収完了後【システム自動処理】1. 資産情報から建設仮勘定を計上資産管理部門,
54,1. 使用開始確認,"1. 使用開始確認【都度】
・建設仮勘定計上後
・使用開始エビデンス保管後1.計画部門担当者が資産使用開始エビデンスの内容から使用開始日を確認計画部門償却指示無形資産の償却指示について",
55,2. 資産償却開始,"2. 資産償却開始【都度】使用開始確認後1.計画部門担当者が確認済使用開始日をシステムに入力
2.償却指示の登録
3.計画部門責任者に承認者を指定して承認を依頼計画部門06_業務手順マニュアル_資産管理（償却指示）(OSP_AA).pptx",https://toyotajp.sharepoint.com/:p:/r/sites/msspo_ITassetmgt_portal/_layouts/15/Doc.aspx?sourcedoc=%7B07A4939E-7016-46BF-8641-E1C2FAB687DC%7D&file=06_%25u696d%25u52d9%25u624b%25u9806%25u30de%25u30cb%25u30e5%25u30a2%25u30eb_%25u8cc7%25u7523%25u7ba1%25u7406%25uff08%25u511f%25u5374%25u6307%25u793a%25uff09(OSP_AA).pptx&action=edit&mobileredirect=true
56,3. 資産償却開始承認,"3. 資産償却開始承認【都度】資産償却開始後1.計画部門責任者が計画部門担当者からの償却指示承認依頼を確認
2.資産償却開始を承認計画部門責任者07_業務手順マニュアル_承認者向け操作_償却指示・WBS実績振替編(OSP_AA).pptx",https://toyotajp.sharepoint.com/:p:/r/sites/msspo_ITassetmgt_portal/Shared Documents/%E3%83%9E%E3%83%8B%E3%83%A5%E3%82%A2%E3%83%AB/%E3%83%9E%E3%83%8B%E3%83%A5%E3%82%A2%E3%83%AB%E4%B8%80%E8%A6%A7/07_%E6%A5%AD%E5%8B%99%E6%89%8B%E9%A0%86%E3%83%9E%E3%83%8B%E3%83%A5%E3%82%A2%E3%83%AB_%E6%89%BF%E8%AA%8D%E8%80%85%E5%90%91%E3%81%91%E6%93%8D%E4%BD%9C_%E5%84%9F%E5%8D%B4%E6%8C%87%E7%A4%BA%E3%83%BBWBS%E5%AE%9F%E7%B8%BE%E6%8C%AF%E6%9B%BF%E7%B7%A8(OSP_AA).pptx?d=w806e90e692f748b4b24717ddffbac52c&csf=1&web=1&e=QtUzxh
57,1. 資産計上,1. 資産計上【都度】資産償却開始承認後【システム自動処理】1. 償却を開始した資産情報を基に資産計上資産管理部門,
58,2. 資産台帳 登録,2. 資産台帳 登録【毎月】資産計上後、検収月の翌月稼働４日目【システム自動処理】1. 資産台帳(設備システム)を登録資産管理部門,
59,1. プロジェクト起案,"1. プロジェクト管理1. プロジェクト計画1. プロジェクト起案【都度】プロジェクト企画タイミング1. 依頼部署担当者は間接業務の改善等の施策を検討
2. プロジェクト化したい内容についてプロジェクト企画書を作成
3. 計画部署にプロジェクト企画内容の確認・相談の実施
4. プロジェクト企画書を完成依頼部署",
60,2. プロジェクト確認,"2. プロジェクト確認【都度】プロジェクト起案後1. 計画部署担当者は依頼されたプロジェクトの企画内容を確認し必要な情報を収集
※必要に応じて見込仕入先から概算費用を取得
2. 決裁サマリーシートを作成
3. 決裁説明資料(補足資料)を準備
4. 依頼部署に確認結果を共有計画部署",
61,3. 決裁WBS​コード​登録依頼​,"3. 決裁WBS​コード​登録依頼​【都度】プロジェクト確認後1. 依頼部署担当者は決裁サマリーシートから案件名、決裁区分、計画部署を確認
2. 該当プロジェクトに対するASIDが登録済みか確認
3. 計画部署に決裁WBSコード登録を依頼依頼部署",
62,4. 決裁WBS​コード​登録・通知​,"4. 決裁WBS​コード​登録・通知​【都度】決裁WBS​ コード​ 登録依頼受領後1. 計画部署担当者は、決裁WBS登録依頼を受け、登録に必要な情報がすべてそろっているか確認
2. 決裁WBSコードを登録
3. 決裁WBSコードを登録した旨を依頼部署担当者に通知計画部署01_操作マニュアル_OSP-PS（案件登録）.pptx01_操作マニュアル_OSP-PS（案件登録）.pptx",https://toyotajp.sharepoint.com/:p:/r/sites/msspo_ITassetmgt_portal/_layouts/15/Doc.aspx?sourcedoc=%7BDFFCD24F-16D0-4D16-9017-7F47488DEF3D%7D&file=01_%25u64cd%25u4f5c%25u30de%25u30cb%25u30e5%25u30a2%25u30eb_OSP-PS%25uff08%25u6848%25u4ef6%25u767b%25u9332%25uff09.pptx&action=edit&mobileredirect=true
63,5. 決裁WBS​コード​受領​,"5. 決裁WBS​コード​受領​【都度】決裁WBS​ コード​ 登録・通知​後1. 依頼部署担当者は計画部署から決裁WBS登録済みの通知を受領
2. 該当する決裁WBSコードが存在し、必要な情報が正しく登録されていることを確認依頼部署01_操作マニュアル_OSP-PS（案件登録）.pptx01_操作マニュアル_OSP-PS（案件登録）.pptx",https://toyotajp.sharepoint.com/:p:/r/sites/msspo_ITassetmgt_portal/_layouts/15/Doc.aspx?sourcedoc=%7BDFFCD24F-16D0-4D16-9017-7F47488DEF3D%7D&file=01_%25u64cd%25u4f5c%25u30de%25u30cb%25u30e5%25u30a2%25u30eb_OSP-PS%25uff08%25u6848%25u4ef6%25u767b%25u9332%25uff09.pptx&action=edit&mobileredirect=true
64,1. 基本決裁書作成,"2. 決裁:重要事項決裁1. 基本決裁書作成【都度】決裁WBS​ コード​ 受領​後1. 起案部門担当者はプロジェクト企画書や決裁サマリーシートをもとに基本決裁書の草案を作成
2. 計画部門に基本決裁書の作成支援を依頼
3. 計画部門からの支援を受け、基本決裁書の作成を完了起案部門起案・決裁基本決裁・重要事項決裁基本決裁・重要事項決裁",https://toyotajp.sharepoint.com/sites/msspo_ITassetmgt_portal/SitePages/02_%E8%B5%B7%E6%A1%88%E3%83%BB%E6%B1%BA%E8%A3%81/%E7%89%B9%E8%AA%BF/%E5%9F%BA%E6%9C%AC%E6%B1%BA%E8%A3%81%E3%83%BB%E9%87%8D%E8%A6%81%E4%BA%8B%E9%A0%85%E6%B1%BA%E8%A3%81.aspx
65,2. 基本決裁書作成支援,"2. 基本決裁書作成支援【都度】基本決裁書作成後1. 計画部門担当者は起案部門からの依頼を受け、基本決裁書の作成支援(起案部門では記述が難しい項目等の記述や調査業務等の支援)を実施
2. 起案部門担当者に、基本決裁書に追記すべき事項等を連絡計画部門起案・決裁基本決裁・重要事項決裁基本決裁・重要事項決裁",https://toyotajp.sharepoint.com/sites/msspo_ITassetmgt_portal/SitePages/02_%E8%B5%B7%E6%A1%88%E3%83%BB%E6%B1%BA%E8%A3%81/%E7%89%B9%E8%AA%BF/%E5%9F%BA%E6%9C%AC%E6%B1%BA%E8%A3%81%E3%83%BB%E9%87%8D%E8%A6%81%E4%BA%8B%E9%A0%85%E6%B1%BA%E8%A3%81.aspx
66,3. スクリーニング実施依頼,"3. スクリーニング実施依頼【都度】基本決裁書作成支援時
※スクリーニングが必要なプロジェクトのみ1. 決裁前にスクリーニングが必要なプロジェクトの場合、計画部門担当者は、スクリーニング依頼に必要な情報を収集
2. 費目監理部署にスクリーニングを依頼計画部門起案・決裁基本決裁・重要事項決裁基本決裁・重要事項決裁",https://toyotajp.sharepoint.com/sites/msspo_ITassetmgt_portal/SitePages/02_%E8%B5%B7%E6%A1%88%E3%83%BB%E6%B1%BA%E8%A3%81/%E7%89%B9%E8%AA%BF/%E5%9F%BA%E6%9C%AC%E6%B1%BA%E8%A3%81%E3%83%BB%E9%87%8D%E8%A6%81%E4%BA%8B%E9%A0%85%E6%B1%BA%E8%A3%81.aspx
67,4. スクリーニング実施依頼受領,"4. スクリーニング実施依頼受領【都度】スクリーニング実施依頼後1. 費目監理部署担当者はスクリーニング依頼を受領
2. 必要な情報がそろっているか確認費目監理部署起案・決裁基本決裁・重要事項決裁基本決裁・重要事項決裁",https://toyotajp.sharepoint.com/sites/msspo_ITassetmgt_portal/SitePages/02_%E8%B5%B7%E6%A1%88%E3%83%BB%E6%B1%BA%E8%A3%81/%E7%89%B9%E8%AA%BF/%E5%9F%BA%E6%9C%AC%E6%B1%BA%E8%A3%81%E3%83%BB%E9%87%8D%E8%A6%81%E4%BA%8B%E9%A0%85%E6%B1%BA%E8%A3%81.aspx
68,5. スクリーニング実施・通知,"5. スクリーニング実施・通知【都度】スクリーニング実施依頼受領後1. 費目監理部署担当者はスクリーニングを実施
2. スクリーニング結果を記録・保管
3. スクリーニング結果を計画部門担当者に連絡費目監理部署起案・決裁基本決裁・重要事項決裁基本決裁・重要事項決裁",https://toyotajp.sharepoint.com/sites/msspo_ITassetmgt_portal/SitePages/02_%E8%B5%B7%E6%A1%88%E3%83%BB%E6%B1%BA%E8%A3%81/%E7%89%B9%E8%AA%BF/%E5%9F%BA%E6%9C%AC%E6%B1%BA%E8%A3%81%E3%83%BB%E9%87%8D%E8%A6%81%E4%BA%8B%E9%A0%85%E6%B1%BA%E8%A3%81.aspx
69,6. スクリーニング結果確認,"6. スクリーニング結果確認【都度】スクリーニング 実施・通知後1. 計画部門担当者はスクリーニング実施の終了連絡を受領
2. スクリーニング結果を確認
3. スクリーニング結果からプロジェクトとして修正すべき事項がある場合は計画修正を実施
4. 計画修正結果を各種ドキュメントに反映計画部門起案・決裁基本決裁・重要事項決裁基本決裁・重要事項決裁",https://toyotajp.sharepoint.com/sites/msspo_ITassetmgt_portal/SitePages/02_%E8%B5%B7%E6%A1%88%E3%83%BB%E6%B1%BA%E8%A3%81/%E7%89%B9%E8%AA%BF/%E5%9F%BA%E6%9C%AC%E6%B1%BA%E8%A3%81%E3%83%BB%E9%87%8D%E8%A6%81%E4%BA%8B%E9%A0%85%E6%B1%BA%E8%A3%81.aspx
70,7. 決裁起票,"7. 決裁起票【都度】・基本決裁書作成後
・スクリーニング 結果確認後
※スクリーニングが必要なプロジェクトの場合1. 起案部門担当者は基本決裁書やスクリーニング結果を踏まえ決裁起票を作成
2. 自部門内で基本決裁の承認申請を実施起案部門起案・決裁基本決裁・重要事項決裁基本決裁・重要事項決裁",https://toyotajp.sharepoint.com/sites/msspo_ITassetmgt_portal/SitePages/02_%E8%B5%B7%E6%A1%88%E3%83%BB%E6%B1%BA%E8%A3%81/%E7%89%B9%E8%AA%BF/%E5%9F%BA%E6%9C%AC%E6%B1%BA%E8%A3%81%E3%83%BB%E9%87%8D%E8%A6%81%E4%BA%8B%E9%A0%85%E6%B1%BA%E8%A3%81.aspx
71,8. 基本決裁承認,"8. 基本決裁承認【都度】決裁起票後1. 起案部門の決裁権者は基本決裁書の内容を確認し、実施可否を判断
2. 基本決裁書の承認を実施起案部門起案・決裁基本決裁・重要事項決裁基本決裁・重要事項決裁",https://toyotajp.sharepoint.com/sites/msspo_ITassetmgt_portal/SitePages/02_%E8%B5%B7%E6%A1%88%E3%83%BB%E6%B1%BA%E8%A3%81/%E7%89%B9%E8%AA%BF/%E5%9F%BA%E6%9C%AC%E6%B1%BA%E8%A3%81%E3%83%BB%E9%87%8D%E8%A6%81%E4%BA%8B%E9%A0%85%E6%B1%BA%E8%A3%81.aspx
72,9. 重要事項決裁 決裁付箋起案書承認,"9. 重要事項決裁 決裁付箋起案書承認【都度】基本決裁承認後1. 起案部門の決裁権者は重要事項決裁の付箋の内容を確認し、実施可否を判断
2. 重要事項決裁付箋の起案書の承認を実施起案部門起案・決裁基本決裁・重要事項決裁基本決裁・重要事項決裁",https://toyotajp.sharepoint.com/sites/msspo_ITassetmgt_portal/SitePages/02_%E8%B5%B7%E6%A1%88%E3%83%BB%E6%B1%BA%E8%A3%81/%E7%89%B9%E8%AA%BF/%E5%9F%BA%E6%9C%AC%E6%B1%BA%E8%A3%81%E3%83%BB%E9%87%8D%E8%A6%81%E4%BA%8B%E9%A0%85%E6%B1%BA%E8%A3%81.aspx
73,10. 決裁起票受付,"10. 決裁起票受付【都度】以下すべてのプロセスが完了した後
・決裁起票
・基本決裁書承認
・重要事項決裁付箋承認1. 調達管理部門担当者は起案部門から決裁依頼を受領
2. 決裁起票内容を確認し、必要情報に不備がないか確認調達管理部門起案・決裁基本決裁・重要事項決裁基本決裁・重要事項決裁",https://toyotajp.sharepoint.com/sites/msspo_ITassetmgt_portal/SitePages/02_%E8%B5%B7%E6%A1%88%E3%83%BB%E6%B1%BA%E8%A3%81/%E7%89%B9%E8%AA%BF/%E5%9F%BA%E6%9C%AC%E6%B1%BA%E8%A3%81%E3%83%BB%E9%87%8D%E8%A6%81%E4%BA%8B%E9%A0%85%E6%B1%BA%E8%A3%81.aspx
74,11. 合議依頼,"11. 合議依頼【都度】決裁起票受付後
※合議が設定されている場合のみ1. 調達管理部門担当者は決裁起票受付後、決裁プロセスに合議が設定されているか確認
2. 合議が設定されている場合には合議部門に合議を依頼調達管理部門起案・決裁基本決裁・重要事項決裁基本決裁・重要事項決裁",https://toyotajp.sharepoint.com/sites/msspo_ITassetmgt_portal/SitePages/02_%E8%B5%B7%E6%A1%88%E3%83%BB%E6%B1%BA%E8%A3%81/%E7%89%B9%E8%AA%BF/%E5%9F%BA%E6%9C%AC%E6%B1%BA%E8%A3%81%E3%83%BB%E9%87%8D%E8%A6%81%E4%BA%8B%E9%A0%85%E6%B1%BA%E8%A3%81.aspx
75,12. 合議,"12. 合議【都度】合議依頼後
※合議が設定されている場合のみ1. 合議部門関係者は合議依頼を受け、決裁起票内容を確認
2. 関係者全員が意見交換、合意の形成
3. 意見交換の結果を記録合議部門起案・決裁基本決裁・重要事項決裁基本決裁・重要事項決裁",https://toyotajp.sharepoint.com/sites/msspo_ITassetmgt_portal/SitePages/02_%E8%B5%B7%E6%A1%88%E3%83%BB%E6%B1%BA%E8%A3%81/%E7%89%B9%E8%AA%BF/%E5%9F%BA%E6%9C%AC%E6%B1%BA%E8%A3%81%E3%83%BB%E9%87%8D%E8%A6%81%E4%BA%8B%E9%A0%85%E6%B1%BA%E8%A3%81.aspx
76,13. 審議依頼,"13. 審議依頼【都度】決裁起票受付後
※審議が設定されている場合のみ1. 調達管理部門担当者は決裁起票受付後、決裁プロセスに審議が設定されているか確認
2. 審議が設定されている場合には審議部門に審議を依頼調達管理部門起案・決裁基本決裁・重要事項決裁基本決裁・重要事項決裁",https://toyotajp.sharepoint.com/sites/msspo_ITassetmgt_portal/SitePages/02_%E8%B5%B7%E6%A1%88%E3%83%BB%E6%B1%BA%E8%A3%81/%E7%89%B9%E8%AA%BF/%E5%9F%BA%E6%9C%AC%E6%B1%BA%E8%A3%81%E3%83%BB%E9%87%8D%E8%A6%81%E4%BA%8B%E9%A0%85%E6%B1%BA%E8%A3%81.aspx
77,14. 審議,"14. 審議【都度】審議依頼後
※審議が設定されている場合のみ1. 審議部門責任者は審議依頼を受け、決裁起票内容を確認
2. 審議を実施
3. 審議結果を記録審議部門起案・決裁基本決裁・重要事項決裁基本決裁・重要事項決裁",https://toyotajp.sharepoint.com/sites/msspo_ITassetmgt_portal/SitePages/02_%E8%B5%B7%E6%A1%88%E3%83%BB%E6%B1%BA%E8%A3%81/%E7%89%B9%E8%AA%BF/%E5%9F%BA%E6%9C%AC%E6%B1%BA%E8%A3%81%E3%83%BB%E9%87%8D%E8%A6%81%E4%BA%8B%E9%A0%85%E6%B1%BA%E8%A3%81.aspx
78,15. 最終決裁依頼,"15. 最終決裁依頼【都度】以下のプロセスの後
・決裁起票
・合議
※合議が設定されている場合のみ
・審議
※審議が設定されている場合のみ1. 調達管理部門担当者は、決裁起票受付後に、合議・審議が設定されているか確認
2. 合議・審議が設定されている場合、合議結果、審議結果を集約し最終決裁依頼に追記
3. 最終決裁権者に最終決裁を依頼調達管理部門起案・決裁基本決裁・重要事項決裁基本決裁・重要事項決裁",https://toyotajp.sharepoint.com/sites/msspo_ITassetmgt_portal/SitePages/02_%E8%B5%B7%E6%A1%88%E3%83%BB%E6%B1%BA%E8%A3%81/%E7%89%B9%E8%AA%BF/%E5%9F%BA%E6%9C%AC%E6%B1%BA%E8%A3%81%E3%83%BB%E9%87%8D%E8%A6%81%E4%BA%8B%E9%A0%85%E6%B1%BA%E8%A3%81.aspx
79,16. 最終決裁,"16. 最終決裁【都度】最終決裁依頼後1. 計画部門の最終決裁権者は最終決裁依頼を受け、決裁起票内容を確認
2. プロジェクト実施可否の最終判断を実施
3. 最終決裁コメントを記録計画部門起案・決裁基本決裁・重要事項決裁基本決裁・重要事項決裁",https://toyotajp.sharepoint.com/sites/msspo_ITassetmgt_portal/SitePages/02_%E8%B5%B7%E6%A1%88%E3%83%BB%E6%B1%BA%E8%A3%81/%E7%89%B9%E8%AA%BF/%E5%9F%BA%E6%9C%AC%E6%B1%BA%E8%A3%81%E3%83%BB%E9%87%8D%E8%A6%81%E4%BA%8B%E9%A0%85%E6%B1%BA%E8%A3%81.aspx
80,17. 決裁結果 登録・通知,"17. 決裁結果 登録・通知【都度】最終決裁後1. 調達管理部門担当者は、最終決裁実施の連絡を受け、決裁結果を確認
2. 最終決裁結果をシステム登録
3. 最終決裁が完了した旨を起案部門/計画部門担当者に通知調達管理部門起案・決裁基本決裁・重要事項決裁02_業務手順マニュアル_WBS決裁済み金額登録（調達管理部署向け）（OSP_PS）.pptx",https://toyotajp.sharepoint.com/:p:/r/sites/msspo_ITassetmgt_portal/Shared Documents/%E3%83%9E%E3%83%8B%E3%83%A5%E3%82%A2%E3%83%AB/%E3%83%9E%E3%83%8B%E3%83%A5%E3%82%A2%E3%83%AB%E4%B8%80%E8%A6%A7/02_%E6%A5%AD%E5%8B%99%E6%89%8B%E9%A0%86%E3%83%9E%E3%83%8B%E3%83%A5%E3%82%A2%E3%83%AB_WBS%E6%B1%BA%E8%A3%81%E6%B8%88%E3%81%BF%E9%87%91%E9%A1%8D%E7%99%BB%E9%8C%B2%EF%BC%88%E8%AA%BF%E9%81%94%E7%AE%A1%E7%90%86%E9%83%A8%E7%BD%B2%E5%90%91%E3%81%91%EF%BC%89%EF%BC%88OSP_PS%EF%BC%89.pptx?d=w895bd03e26fd4c8eb5d2a34b2ef85320&csf=1&web=1&e=2xYsS5
81,18. 決裁結果保管,18. 決裁結果保管【都度】決裁結果登録・通知後1. 調達管理部門担当者は、決裁結果を保管調達管理部門起案・決裁基本決裁・重要事項決裁基本決裁・重要事項決裁,https://toyotajp.sharepoint.com/sites/msspo_ITassetmgt_portal/SitePages/02_%E8%B5%B7%E6%A1%88%E3%83%BB%E6%B1%BA%E8%A3%81/%E7%89%B9%E8%AA%BF/%E5%9F%BA%E6%9C%AC%E6%B1%BA%E8%A3%81%E3%83%BB%E9%87%8D%E8%A6%81%E4%BA%8B%E9%A0%85%E6%B1%BA%E8%A3%81.aspx
82,19. 決裁結果確認,19. 決裁結果確認【都度】決裁結果登録・通知後1. 起案部門担当者は、最終決裁実施の連絡を受け、決裁結果を確認起案部門起案・決裁基本決裁・重要事項決裁基本決裁・重要事項決裁,https://toyotajp.sharepoint.com/sites/msspo_ITassetmgt_portal/SitePages/02_%E8%B5%B7%E6%A1%88%E3%83%BB%E6%B1%BA%E8%A3%81/%E7%89%B9%E8%AA%BF/%E5%9F%BA%E6%9C%AC%E6%B1%BA%E8%A3%81%E3%83%BB%E9%87%8D%E8%A6%81%E4%BA%8B%E9%A0%85%E6%B1%BA%E8%A3%81.aspx
83,20. 決裁結果確認,20. 決裁結果確認【都度】決裁結果登録・通知後1. 計画部門担当者は、最終決裁実施の連絡を受け、決裁結果を確認計画部門起案・決裁基本決裁・重要事項決裁基本決裁・重要事項決裁,https://toyotajp.sharepoint.com/sites/msspo_ITassetmgt_portal/SitePages/02_%E8%B5%B7%E6%A1%88%E3%83%BB%E6%B1%BA%E8%A3%81/%E7%89%B9%E8%AA%BF/%E5%9F%BA%E6%9C%AC%E6%B1%BA%E8%A3%81%E3%83%BB%E9%87%8D%E8%A6%81%E4%BA%8B%E9%A0%85%E6%B1%BA%E8%A3%81.aspx
84,1. 決裁起票,"3. 決裁:各部決裁(情シス申請)1. 決裁起票【都度】決裁WBSコード登録後1. 起案部門/計画部門担当者は決裁起票を実施
2. 決裁権者に決裁を依頼起案部門/計画部門起案・決裁各部決裁各部決裁",https://toyotajp.sharepoint.com/sites/msspo_ITassetmgt_portal/SitePages/02_%E8%B5%B7%E6%A1%88%E3%83%BB%E6%B1%BA%E8%A3%81/%E7%89%B9%E8%AA%BF/%E5%90%84%E9%83%A8%E6%B1%BA%E8%A3%81.aspx
85,2. 決裁,"2. 決裁【都度】決裁起票の後1. 起案部門/計画部門決裁権者は決裁依頼を受け、決裁起票内容を確認
2. プロジェクトの実施可否を判断
3. 決裁結果を記録
4. 決裁実施済の旨を調達管理部門に連絡起案部門/計画部門起案・決裁各部決裁各部決裁",https://toyotajp.sharepoint.com/sites/msspo_ITassetmgt_portal/SitePages/02_%E8%B5%B7%E6%A1%88%E3%83%BB%E6%B1%BA%E8%A3%81/%E7%89%B9%E8%AA%BF/%E5%90%84%E9%83%A8%E6%B1%BA%E8%A3%81.aspx
86,3. 決裁結果 登録・通知,"3. 決裁結果 登録・通知【都度】決裁後1. 調達管理部門担当者は決裁実施済の連絡を受け、決裁結果を確認
2. 決裁結果を登録
3. 決裁実施の旨を決裁依頼者（起案部門/計画部門担当者）に通知調達管理部門起案・決裁各部決裁02_業務手順マニュアル_WBS決裁済み金額登録（調達管理部署向け）（OSP_PS）.pptx",https://toyotajp.sharepoint.com/:p:/r/sites/msspo_ITassetmgt_portal/Shared Documents/%E3%83%9E%E3%83%8B%E3%83%A5%E3%82%A2%E3%83%AB/%E3%83%9E%E3%83%8B%E3%83%A5%E3%82%A2%E3%83%AB%E4%B8%80%E8%A6%A7/02_%E6%A5%AD%E5%8B%99%E6%89%8B%E9%A0%86%E3%83%9E%E3%83%8B%E3%83%A5%E3%82%A2%E3%83%AB_WBS%E6%B1%BA%E8%A3%81%E6%B8%88%E3%81%BF%E9%87%91%E9%A1%8D%E7%99%BB%E9%8C%B2%EF%BC%88%E8%AA%BF%E9%81%94%E7%AE%A1%E7%90%86%E9%83%A8%E7%BD%B2%E5%90%91%E3%81%91%EF%BC%89%EF%BC%88OSP_PS%EF%BC%89.pptx?d=w895bd03e26fd4c8eb5d2a34b2ef85320&csf=1&web=1&e=2xYsS5
87,4. 決裁結果保管,4. 決裁結果保管【都度】決裁結果登録・通知後1. 調達管理部門担当者は、決裁結果を保管調達管理部門起案・決裁各部決裁各部決裁,https://toyotajp.sharepoint.com/sites/msspo_ITassetmgt_portal/SitePages/02_%E8%B5%B7%E6%A1%88%E3%83%BB%E6%B1%BA%E8%A3%81/%E7%89%B9%E8%AA%BF/%E5%90%84%E9%83%A8%E6%B1%BA%E8%A3%81.aspx
88,5. 決裁結果確認,5. 決裁結果確認【都度】決裁結果登録・通知後1. 起案部門/計画部門担当者は、決裁実施の連絡を受け、決裁結果を確認起案部門/計画部門起案・決裁各部決裁各部決裁,https://toyotajp.sharepoint.com/sites/msspo_ITassetmgt_portal/SitePages/02_%E8%B5%B7%E6%A1%88%E3%83%BB%E6%B1%BA%E8%A3%81/%E7%89%B9%E8%AA%BF/%E5%90%84%E9%83%A8%E6%B1%BA%E8%A3%81.aspx
89,1. 計画依頼起票,"4. 決裁:各部決裁(情シス以外申請)1. 計画依頼起票【都度】決裁WBSコード登録後1. 起案部署担当者は決裁WBSコードが登録された後、計画依頼を起票
2. 計画依頼の承認申請を実施起案部署起案・決裁各部決裁各部決裁",https://toyotajp.sharepoint.com/sites/msspo_ITassetmgt_portal/SitePages/02_%E8%B5%B7%E6%A1%88%E3%83%BB%E6%B1%BA%E8%A3%81/%E7%89%B9%E8%AA%BF/%E5%90%84%E9%83%A8%E6%B1%BA%E8%A3%81.aspx
90,2. 計画依頼承認,"2. 計画依頼承認【都度】計画依頼起票後1. 起案部署責任者は計画依頼の承認申請を受け、計画依頼内容を確認
2. 計画依頼を承認
3. 計画依頼の申請者に承認済であることを連絡
→ワークフローなので申請者への連絡はしていない
　承認されると調達管理部署へ回付（通知）されるイメージ起案部署起案・決裁各部決裁各部決裁",https://toyotajp.sharepoint.com/sites/msspo_ITassetmgt_portal/SitePages/02_%E8%B5%B7%E6%A1%88%E3%83%BB%E6%B1%BA%E8%A3%81/%E7%89%B9%E8%AA%BF/%E5%90%84%E9%83%A8%E6%B1%BA%E8%A3%81.aspx
91,3. 計画回答依頼,"3. 計画回答依頼【都度】計画依頼承認後1. 起案部署担当者は計画依頼承認済の連絡を受け、調達管理窓口に計画回答を依頼
→起案部署担当者からの連絡ではなく、ワークフローで自動回付される
2. 調達管理窓口担当者は計画回答依頼を受け、内容を確認
3. 計画回答部署を判断
4. 計画回答部署に計画回答を依頼調達管理窓口起案・決裁各部決裁各部決裁",https://toyotajp.sharepoint.com/sites/msspo_ITassetmgt_portal/SitePages/02_%E8%B5%B7%E6%A1%88%E3%83%BB%E6%B1%BA%E8%A3%81/%E7%89%B9%E8%AA%BF/%E5%90%84%E9%83%A8%E6%B1%BA%E8%A3%81.aspx
92,4. 計画回答作成,"4. 計画回答作成【都度】計画回答依頼後1. 計画部署担当者は計画依頼内容を確認
2. 計画回答(実施計画・費用等)内容を検討
3.  計画回答内容を部署内で承認依頼計画部署起案・決裁各部決裁各部決裁",https://toyotajp.sharepoint.com/sites/msspo_ITassetmgt_portal/SitePages/02_%E8%B5%B7%E6%A1%88%E3%83%BB%E6%B1%BA%E8%A3%81/%E7%89%B9%E8%AA%BF/%E5%90%84%E9%83%A8%E6%B1%BA%E8%A3%81.aspx
93,5. 計画回答承認・通知,"5. 計画回答承認・通知【都度】計画回答依頼後1. 計画部署責任者は計画回答内容を部署内で承認
2. 計画部署担当者は計画回答内容を調達管理窓口に連絡計画部署起案・決裁各部決裁各部決裁",https://toyotajp.sharepoint.com/sites/msspo_ITassetmgt_portal/SitePages/02_%E8%B5%B7%E6%A1%88%E3%83%BB%E6%B1%BA%E8%A3%81/%E7%89%B9%E8%AA%BF/%E5%90%84%E9%83%A8%E6%B1%BA%E8%A3%81.aspx
94,6. 計画回答完了 登録・通知,"6. 計画回答完了 登録・通知【都度】計画回答後1. 一般設備主体の決裁の場合、調達管理窓口担当者は計画回答が完了した旨をシステム登録
2. 起案部署担当者、計画部署担当者に計画回答が完了した旨を通知調達管理窓口起案・決裁各部決裁各部決裁",https://toyotajp.sharepoint.com/sites/msspo_ITassetmgt_portal/SitePages/02_%E8%B5%B7%E6%A1%88%E3%83%BB%E6%B1%BA%E8%A3%81/%E7%89%B9%E8%AA%BF/%E5%90%84%E9%83%A8%E6%B1%BA%E8%A3%81.aspx
95,7. 計画回答完了 確認,"7. 計画回答完了 確認【都度】計画回答完了 登録・通知後1. 一般設備主体の決裁の場合、起案部署担当者は計画回答の登録が完了した通知を受領
2. 起案部署担当者は計画回答内容を確認起案部署起案・決裁各部決裁各部決裁",https://toyotajp.sharepoint.com/sites/msspo_ITassetmgt_portal/SitePages/02_%E8%B5%B7%E6%A1%88%E3%83%BB%E6%B1%BA%E8%A3%81/%E7%89%B9%E8%AA%BF/%E5%90%84%E9%83%A8%E6%B1%BA%E8%A3%81.aspx
96,8. 計画回答完了 確認,"8. 計画回答完了 確認【都度】計画回答完了 登録・通知後1. 一般設備主体の決裁の場合、計画部署担当者は計画回答の登録が完了した通知を受領
2. 計画部署担当者は計画回答内容が登録済みであることを確認計画部署起案・決裁各部決裁各部決裁",https://toyotajp.sharepoint.com/sites/msspo_ITassetmgt_portal/SitePages/02_%E8%B5%B7%E6%A1%88%E3%83%BB%E6%B1%BA%E8%A3%81/%E7%89%B9%E8%AA%BF/%E5%90%84%E9%83%A8%E6%B1%BA%E8%A3%81.aspx
97,9. 最終決裁依頼,"9. 最終決裁依頼【都度】計画回答完了確認後1. 起案部署担当者は情報システム部門による計画回答が完了したことを受け、起案部門側で最終決裁を取得するための準備を実施
2. 最終決裁を依頼起案部署起案・決裁各部決裁各部決裁",https://toyotajp.sharepoint.com/sites/msspo_ITassetmgt_portal/SitePages/02_%E8%B5%B7%E6%A1%88%E3%83%BB%E6%B1%BA%E8%A3%81/%E7%89%B9%E8%AA%BF/%E5%90%84%E9%83%A8%E6%B1%BA%E8%A3%81.aspx
98,10. 最終決裁,"10. 最終決裁【都度】最終決裁依頼の後1. 起案部署決裁権者は最終決裁依頼を受け、決裁に必要な情報を確認
2. プロジェクト実施可否の最終判断を実施
3. 決裁結果を記録
4. 最終決裁依頼者に決裁実施済みの旨を連絡起案部署起案・決裁各部決裁各部決裁",https://toyotajp.sharepoint.com/sites/msspo_ITassetmgt_portal/SitePages/02_%E8%B5%B7%E6%A1%88%E3%83%BB%E6%B1%BA%E8%A3%81/%E7%89%B9%E8%AA%BF/%E5%90%84%E9%83%A8%E6%B1%BA%E8%A3%81.aspx
99,11. 最終決裁完了確認,11. 最終決裁完了確認【都度】最終決裁の後1. 起案部署担当者は、最終決裁実施済みの連絡を受け、決裁内容を確認起案部署起案・決裁各部決裁各部決裁,https://toyotajp.sharepoint.com/sites/msspo_ITassetmgt_portal/SitePages/02_%E8%B5%B7%E6%A1%88%E3%83%BB%E6%B1%BA%E8%A3%81/%E7%89%B9%E8%AA%BF/%E5%90%84%E9%83%A8%E6%B1%BA%E8%A3%81.aspx
100,12. 決裁完了 通知,12. 決裁完了 通知【都度】最終決裁完了確認の後1. 起案部署担当者は、最終決裁が完了した旨を通知起案部署起案・決裁各部決裁各部決裁,https://toyotajp.sharepoint.com/sites/msspo_ITassetmgt_portal/SitePages/02_%E8%B5%B7%E6%A1%88%E3%83%BB%E6%B1%BA%E8%A3%81/%E7%89%B9%E8%AA%BF/%E5%90%84%E9%83%A8%E6%B1%BA%E8%A3%81.aspx
101,13. 決裁結果 登録・通知,"13. 決裁結果 登録・通知【都度】決裁完了通知の後1. 調達管理窓口担当者は、最終決裁完了の連絡を受け、決裁結果を確認
2. 最終決裁結果を登録
3. 最終決裁が実施された旨を通知
※通知先　
　一般設備主体の場合　　　計画部署
　一般設備主体でない場合　計画部署・起案部署調達管理窓口起案・決裁各部決裁02_業務手順マニュアル_WBS決裁済み金額登録（調達管理部署向け）（OSP_PS）.pptx",https://toyotajp.sharepoint.com/:p:/r/sites/msspo_ITassetmgt_portal/Shared Documents/%E3%83%9E%E3%83%8B%E3%83%A5%E3%82%A2%E3%83%AB/%E3%83%9E%E3%83%8B%E3%83%A5%E3%82%A2%E3%83%AB%E4%B8%80%E8%A6%A7/02_%E6%A5%AD%E5%8B%99%E6%89%8B%E9%A0%86%E3%83%9E%E3%83%8B%E3%83%A5%E3%82%A2%E3%83%AB_WBS%E6%B1%BA%E8%A3%81%E6%B8%88%E3%81%BF%E9%87%91%E9%A1%8D%E7%99%BB%E9%8C%B2%EF%BC%88%E8%AA%BF%E9%81%94%E7%AE%A1%E7%90%86%E9%83%A8%E7%BD%B2%E5%90%91%E3%81%91%EF%BC%89%EF%BC%88OSP_PS%EF%BC%89.pptx?d=w895bd03e26fd4c8eb5d2a34b2ef85320&csf=1&web=1&e=2xYsS5
102,14. 決裁結果保管,14. 決裁結果保管【都度】決裁結果登録・通知の後1. 調達管理窓口担当者は、決裁結果を保管調達管理窓口起案・決裁各部決裁各部決裁,https://toyotajp.sharepoint.com/sites/msspo_ITassetmgt_portal/SitePages/02_%E8%B5%B7%E6%A1%88%E3%83%BB%E6%B1%BA%E8%A3%81/%E7%89%B9%E8%AA%BF/%E5%90%84%E9%83%A8%E6%B1%BA%E8%A3%81.aspx
103,15. 決裁結果確認,15. 決裁結果確認【都度】決裁結果登録・通知後1. 一般設備主体でない決裁の場合、起案部署担当者は決裁が完了した通知を受け、決裁結果を確認起案部署起案・決裁各部決裁各部決裁,https://toyotajp.sharepoint.com/sites/msspo_ITassetmgt_portal/SitePages/02_%E8%B5%B7%E6%A1%88%E3%83%BB%E6%B1%BA%E8%A3%81/%E7%89%B9%E8%AA%BF/%E5%90%84%E9%83%A8%E6%B1%BA%E8%A3%81.aspx
104,16. 決裁結果確認,16. 決裁結果確認【都度】決裁結果登録・通知後1. 計画部署担当者は決裁が完了した通知を受け、決裁結果を確認計画部署起案・決裁各部決裁各部決裁,https://toyotajp.sharepoint.com/sites/msspo_ITassetmgt_portal/SitePages/02_%E8%B5%B7%E6%A1%88%E3%83%BB%E6%B1%BA%E8%A3%81/%E7%89%B9%E8%AA%BF/%E5%90%84%E9%83%A8%E6%B1%BA%E8%A3%81.aspx
105,1. WBS別 予算申請,"5. プロジェクト活動1. WBS別 予算申請【都度】・決裁後
・ステージゲート後
【期首】各部へ予算割当後1. 計画部署担当者は予算付与がされたことを受け決裁WBSを予算管理単位の予算WBSに分解
2. 予算WBS別の予算登録申請を実施計画部署",
106,2. WBS別 予算登録,"2. WBS別 予算登録【都度】WBS別予算申請後1. 費目監理部署担当者/自部門予算担当者はWBS別の予算申請受け、必要に応じて決裁WBSの配下に予算WBSを登録
2. 予算WBSに予算データを登録費目監理部署/
自部門予算担当",
107,3. WBS別 予算登録結果通知,"3. WBS別 予算登録結果通知【都度】WBS別予算WBS登録後1. 費目監理部署担当者/自部門予算担当者はWBS別予算登録が完了したことを通知費目監理部署/
自部門予算担当",
108,4. 実績WBSコード登録・通知,"4. 実績WBSコード登録・通知【都度】WBS別 予算登録結果通知後1. 計画部署担当者は、予算WBSの配下に実績管理のための実績WBSコードを登録
2. 実績WBSコードが登録済であることを通知計画部署03_業務手順マニュアル_実績WBS登録（OSP_PS）.pptx03_業務手順マニュアル_実績WBS登録（OSP_PS）.pptx",https://toyotajp.sharepoint.com/:p:/r/sites/msspo_ITassetmgt_portal/Shared Documents/%E3%83%9E%E3%83%8B%E3%83%A5%E3%82%A2%E3%83%AB/%E3%83%9E%E3%83%8B%E3%83%A5%E3%82%A2%E3%83%AB%E4%B8%80%E8%A6%A7/03_%E6%A5%AD%E5%8B%99%E6%89%8B%E9%A0%86%E3%83%9E%E3%83%8B%E3%83%A5%E3%82%A2%E3%83%AB_%E5%AE%9F%E7%B8%BEWBS%E7%99%BB%E9%8C%B2%EF%BC%88OSP_PS%EF%BC%89.pptx?d=wacc9277275f74cb391b1d058339b3a1d&csf=1&web=1&e=wVG7VH
109,5. 実績入力（内製）,"5. 実績入力（内製）【毎日】稼働終了後
※月末確定(翌月稼働3日〆)1. プロジェクト実務担当者は月末までに自身の稼働工数を実績WBS単位で入力
2. 実績WBSの責任者(実務担当者の上位者)は入力された稼働工数を確認し承認計画部署",
110,6. 実績計上（内製）,"6. 実績計上（内製）【毎月】月初3稼働日【システム自動処理】1. 入力された稼働工数の数値から、コスト換算を実施
2. 実績WBSに稼働コストとして計上計画部署",
111,7. 実績計上（購買）,"7. 実績計上（購買）【毎月】検収後、K3(翌月稼働３日目)
※発注は都度【システム自動処理】1. 購買プロセスにて発注や研修のタイミングにて、該当する実績WBSに紐付けられたコストを実績WBS毎に会計計上計画部署",
112,8. ステージゲート実施依頼,"8. ステージゲート実施依頼【都度】ステージゲート実施時期
(各開発フェーズの終了前)1. ステージゲートが必要なプロジェクトの場合、計画部署の担当者はステージゲートの実施依頼に必要な情報を収集
2. 計画部署の担当者はステージゲート実施を依頼計画部署",
113,9. ステージゲート実施・通知,"9. ステージゲート実施・通知【都度】ステージゲート実施依頼受領後1. 費目監理部署担当者は、ステージゲート実施依頼を受け、ステージゲート実施に必要な情報がそろっているか確認
2. ステージゲートを実施
3. ステージゲート実施結果を記録/保管
4. ステージゲート実施結果を計画部署担当者に通知費目監理部署",
114,10. ステージゲート結果確認,"10. ステージゲート結果確認【都度】ステージゲート 実施・通知後1.  計画部署担当者はステージゲート実施結果を確認
2. ステージゲート実施結果を受け、プロジェクトの修正（スコープ、スケジュール、リソース、リスク再評価など）を実施計画部署",
115,11. プロジェクト完了 ・成果物保管,"11. プロジェクト完了 ・成果物保管【都度】プロジェクト完了後1. 計画部署担当者はプロジェクトが完了したことを確認
2.プロジェクトを終了ステータスに変更
3. 成果物を保管
　※電子データの場合、共有フォルダ含む計画部署",
116,12. プロジェクト使用開始 エビデンス保管,"12. プロジェクト使用開始 エビデンス保管【都度】プロジェクト完了 ・成果物保管後1.  計画部署担当者はプロジェクトの使用開始エビデンスを収集
2.プロジェクトが完了したことを確認
3. 使用開始エビデンスを保管計画部署",
117,1. プロジェクト評価,"6. プロジェクト評価1. プロジェクト評価【都度】プロジェクト完了後1. 計画部門担当者はプロジェクト成果物、使用開始エビデンス、ステージゲート評価結果などからの定性的な分析、予算/実績WBSデータの集計から・定量的なコスト分析などを実施
2. 分析結果レポートを作成
3. 責任者に分析結果を報告
4. 今後のプロジェクトに役立てる情報がある場合には、必要に応じて改善提案等を実施計画部門",
118,1. 実績WBSコード終了,"7. プロジェクト終了1. 実績WBSコード終了【都度】実績WBSの完了予定日が到来　or
・実績WBSに未償却なし
・実績WBSに実績計上見込みなし1. 計画部門担当者が終了対象実績WBSで未償却のものがないことを確認
2. 終了対象実績WBSに対して、今後、発注されない見込みであることを確認
3. 実績WBSコードを終了ステータスに変更計画部門",
119,2. 決裁WBSコード終了,"2. 決裁WBSコード終了【都度】決裁WBSの完了予定日が到来　or
該当する決裁WBSの配下の実績WBSがすべて終了したタイミング1. 計画部門担当者が終了対象決裁WBSの配下の全ての実績WBSが終了ステータスとなっていることを確認
2. 決裁WBSコードを終了ステータスに変更計画部門",
120,1. WBSコード終了,"8. プロジェクト定期管理1. WBSコード終了【毎年】毎年4月稼働5日目【システム自動処理】1. 予め決定した業務タイミングにて、クロージング対象の実績WBS、決裁WBSを含むプロジェクトを抽出
2. 実績WBS/決裁WBSを終了ステータスに変更調達管理部署",